客户,租约编号,表编号,表类型,建筑面积,单价,上次读数,本次读数,数量,金额（元）,帐单开始时间,帐单结束时间,付款公司
丰田通商（天津）有限公司,TJMT00001-3,NSE228685,ELECTRICITY_CHG,2542.64,1.1544,39511.3,40112.3,601,693.79,2/1/2019,2/28/2019,5252
丰田通商（天津）有限公司,TJMT00001-3,NSE228512,ELECTRICITY_CHG,2542.64,1.1544,22560.4,22956,395.6,456.68,2/1/2019,2/28/2019,5252
丰田通商（天津）有限公司,TJMT00001-3,NSE228510,ELECTRICITY_CHG,2542.64,1.1544,78.6,78.6,0,0,2/1/2019,2/28/2019,5252
丰田通商（天津）有限公司,TJMT00001-3,NSE228635,ELECTRICITY_CHG,2542.64,1.1544,203356.18,206112.9,2756.72,3182.36,2/1/2019,2/28/2019,5252
丰田通商（天津）有限公司,TJMT00001-3,NSE228636,ELECTRICITY_CHG,2542.64,1.1544,17948,18220.3,272.3,314.34,2/1/2019,2/28/2019,5252
丰田通商（天津）有限公司,TJMT00001-3,NSE228511,ELECTRICITY_CHG,2542.64,1.1544,141764,143688,1924,2221.07,2/1/2019,2/28/2019,5252
丰田通商（天津）有限公司,TJMT00001-3,NSE228602,ELECTRICITY_CHG,2542.64,1.1544,60425.6,61189.1,763.5,881.38,2/1/2019,2/28/2019,5252
丰田通商（天津）有限公司,TJMT00001-3,NSE228689,ELECTRICITY_CHG,2542.64,1.1544,99878.8,101323,1444.2,1667.18,2/1/2019,2/28/2019,5252
富士施乐（中国）有限公司,TJMT00002-3,NSE228601,ELECTRICITY_CHG,548.31,1.1544,35808.5,36345.1,536.6,619.45,2/1/2019,2/28/2019,5252
富士施乐（中国）有限公司,TJMT00002-3,NSE228686,ELECTRICITY_CHG,548.31,1.1544,91049.9,92372.4,1322.5,1526.69,2/1/2019,2/28/2019,5252
基恩士（中国）有限公司天津分公司,TJMT00007,NSE228506,ELECTRICITY_CHG,289.85,1.1544,60892.4,62027,1134.6,1309.78,2/1/2019,2/28/2019,5252
基恩士（中国）有限公司天津分公司,TJMT00007,NSE228504,ELECTRICITY_CHG,289.85,1.1544,21776.8,22378.9,602.1,695.06,2/1/2019,2/28/2019,5252
上海冲外电子有限公司天津分公司,TJMT00035,NSE228505,ELECTRICITY_CHG,151.53,1.1544,18240.9,18604,363.1,419.16,2/1/2019,2/28/2019,5252
小牛新财务管理有限公司,TJMT00012,NSE228687,ELECTRICITY_CHG,518.81,1.1544,22730.2,22989.1,258.9,298.87,2/1/2019,2/28/2019,5252
小牛新财务管理有限公司,TJMT00012,NSE228600,ELECTRICITY_CHG,518.81,1.1544,22229.2,22580.3,351.1,405.31,2/1/2019,2/28/2019,5252
北京腾新科技有限公司,TJMT00020,NSE228763,ELECTRICITY_CHG,1067.17,1.1544,24912.6,25562.5,649.9,750.24,2/1/2019,2/28/2019,5252
北京腾新科技有限公司,TJMT00020,NSE228556,ELECTRICITY_CHG,1067.17,1.1544,32392,33017.1,625.1,721.62,2/1/2019,2/28/2019,5252
北京腾新科技有限公司,TJMT00020,NSE228557,ELECTRICITY_CHG,1067.17,1.1544,46064.6,46923.7,859.1,991.75,2/1/2019,2/28/2019,5252
北京腾新科技有限公司,TJMT00020,NSE228762,ELECTRICITY_CHG,1067.17,1.1544,69223.5,70602.3,1378.8,1591.69,2/1/2019,2/28/2019,5252
北京腾新科技有限公司,TJMT00072,NSE228761,ELECTRICITY_CHG,391.73,1.1544,36488.7,38727.7,2239,2584.7,2/1/2019,2/28/2019,5252
北京恒昌汇财投资管理有限公司,TJMT00013,NSE228722,ELECTRICITY_CHG,519.73,1.1544,37171.6,38080,908.4,1048.66,2/1/2019,2/28/2019,5252
北京恒昌汇财投资管理有限公司,TJMT00013,NSE228507,ELECTRICITY_CHG,519.73,1.1544,14.9,14.9,0,0,2/1/2019,2/28/2019,5252
鼎信汇金（天津）资产管理有限公司,TJMT00017,NSE228723,ELECTRICITY_CHG,397.75,1.1544,32236,32749.5,513.5,592.78,2/1/2019,2/28/2019,5252
安信卓越投资管理（北京）有限公司,TJMT00015,NSE228707,ELECTRICITY_CHG,898.54,1.1544,43001.9,43001.9,0,0,2/1/2019,2/28/2019,5252
安信卓越投资管理（北京）有限公司,TJMT00015,NSE228708,ELECTRICITY_CHG,898.54,1.1544,31174.4,31174.4,0,0,2/1/2019,2/28/2019,5252
北京轿个车汽车租赁服务有限公司天津和平区分公司,TJMT00102,NSE228665,ELECTRICITY_CHG,931.41,1.1544,20824.28,21112.9,288.62,333.18,2/1/2019,2/28/2019,5252
北京轿个车汽车租赁服务有限公司天津和平区分公司,TJMT00102,NSE228449,ELECTRICITY_CHG,931.41,1.1544,19047.74,19956.2,908.46,1048.73,2/1/2019,2/28/2019,5252
北京轿个车汽车租赁服务有限公司天津和平区分公司,TJMT00102,NSE228713,ELECTRICITY_CHG,931.41,1.1544,28019.99,28478.8,458.81,529.65,2/1/2019,2/28/2019,5252
金谷期货有限公司,TJMT00022,NSE228668,ELECTRICITY_CHG,2209.33,1.1544,16129.6,16414.3,284.7,328.66,2/1/2019,2/28/2019,5252
金谷期货有限公司,TJMT00022,NSE228587,ELECTRICITY_CHG,2209.33,1.1544,96307.7,98785.2,2477.5,2860.03,2/1/2019,2/28/2019,5252
金谷期货有限公司,TJMT00022,NSE228711,ELECTRICITY_CHG,2209.33,1.1544,19529.4,19937.7,408.3,471.34,2/1/2019,2/28/2019,5252
金谷期货有限公司,TJMT00022,NSE228674,ELECTRICITY_CHG,2209.33,1.1544,15168.3,15450.2,281.9,325.43,2/1/2019,2/28/2019,5252
金谷期货有限公司,TJMT00022,NSE228712,ELECTRICITY_CHG,2209.33,1.1544,3563.17,3628.2,65.03,75.07,2/1/2019,2/28/2019,5252
金谷期货有限公司,TJMT00022,NSE228586,ELECTRICITY_CHG,2209.33,1.1544,10666.6,10887.8,221.2,255.35,2/1/2019,2/28/2019,5252
金谷期货有限公司,TJMT00022,NSE228666,ELECTRICITY_CHG,2209.33,1.1544,29601,30158.6,557.6,643.69,2/1/2019,2/28/2019,5252
民生财富投资管理有限公司,TJMT00021,NSE228746,ELECTRICITY_CHG,551.09,1.1544,30585.9,31041.8,455.9,526.29,2/1/2019,2/28/2019,5252
民生财富投资管理有限公司,TJMT00021,NSE228427,ELECTRICITY_CHG,551.09,1.1544,11153.1,11415.2,262.1,302.57,2/1/2019,2/28/2019,5252
平安国际融资租赁有限公司,TJMT00029,NSE228657,ELECTRICITY_CHG,445.82,1.1544,112860,115142,2282,2634.34,2/1/2019,2/28/2019,5252
宇卓（天津）能源装备技术股份有限公司,TJMT00036,NSE228598,ELECTRICITY_CHG,158.26,1.1544,10436.8,10808.5,371.7,429.09,2/1/2019,2/28/2019,5252
天津象屿速传物流有限公司,TJMT00034,NSE228662,ELECTRICITY_CHG,1085.11,1.1544,24506.8,24995.4,488.6,564.04,2/1/2019,2/28/2019,5252
天津象屿速传物流有限公司,TJMT00034,NSE228588,ELECTRICITY_CHG,1085.11,1.1544,24079.2,24503.3,424.1,489.58,2/1/2019,2/28/2019,5252
天津象屿速传物流有限公司,TJMT00034,NSE228429,ELECTRICITY_CHG,1085.11,1.1544,8702.37,8917.48,215.11,248.32,2/1/2019,2/28/2019,5252
天津象屿速传物流有限公司,TJMT00034,NSE228705,ELECTRICITY_CHG,1085.11,1.1544,65480.4,66779,1298.6,1499.1,2/1/2019,2/28/2019,5252
诺远资产管理有限公司 ,TJMT00031,NSE228660,ELECTRICITY_CHG,2205.91,1.1544,17341.6,17479.8,138.2,159.54,2/1/2019,2/28/2019,5252
诺远资产管理有限公司 ,TJMT00031,NSE228433,ELECTRICITY_CHG,2205.91,1.1544,26259.2,26469.1,209.9,242.31,2/1/2019,2/28/2019,5252
诺远资产管理有限公司 ,TJMT00031,NSE228612,ELECTRICITY_CHG,2205.91,1.1544,7880.25,7970.94,90.69,104.69,2/1/2019,2/28/2019,5252
诺远资产管理有限公司 ,TJMT00031,NSE228614,ELECTRICITY_CHG,2205.91,1.1544,48732.6,48985.4,252.8,291.83,2/1/2019,2/28/2019,5252
诺远资产管理有限公司 ,TJMT00031,NSE228611,ELECTRICITY_CHG,2205.91,1.1544,37542.7,37746.7,204,235.5,2/1/2019,2/28/2019,5252
诺远资产管理有限公司 ,TJMT00031,NSE228430,ELECTRICITY_CHG,2205.91,1.1544,30911.6,30929.2,17.6,20.32,2/1/2019,2/28/2019,5252
诺远资产管理有限公司 ,TJMT00031,NSE228613,ELECTRICITY_CHG,2205.91,1.1544,11061.1,11111.8,50.7,58.53,2/1/2019,2/28/2019,5252
中冶惠（上海）互联网金融信息服务股份有限公司 ,TJMT00037,NSE228460,ELECTRICITY_CHG,299.68,1.1544,3.8,3.8,0,0,2/1/2019,2/28/2019,5252
中冶惠（上海）互联网金融信息服务股份有限公司 ,TJMT00037,NSE228461,ELECTRICITY_CHG,299.68,1.1544,6899.18,6899.18,0,0,2/1/2019,2/28/2019,5252
上海环球前途教育科技控股有限公司,TJMT00027,NSE228738,ELECTRICITY_CHG,2154.58,1.1544,63622.8,65024.4,1401.6,1618.01,2/1/2019,2/28/2019,5252
上海环球前途教育科技控股有限公司,TJMT00027,NSE228533,ELECTRICITY_CHG,2154.58,1.1544,152.5,152.5,0,0,2/1/2019,2/28/2019,5252
上海环球前途教育科技控股有限公司,TJMT00027,NSE228760,ELECTRICITY_CHG,2154.58,1.1544,61133.1,62665.8,1532.7,1769.35,2/1/2019,2/28/2019,5252
上海环球前途教育科技控股有限公司,TJMT00027,NSE228724,ELECTRICITY_CHG,2154.58,1.1544,119.5,119.5,0,0,2/1/2019,2/28/2019,5252
上海环球前途教育科技控股有限公司,TJMT00027,NSE228739,ELECTRICITY_CHG,2154.58,1.1544,73033.9,74414.1,1380.2,1593.3,2/1/2019,2/28/2019,5252
鑫能保险代理有限公司,TJMT00042,NSE228463,ELECTRICITY_CHG,294.61,1.1544,10.2,10.2,0,0,2/1/2019,2/28/2019,5252
鑫能保险代理有限公司,TJMT00042,NSE228459,ELECTRICITY_CHG,294.61,1.1544,18041.6,18425.5,383.9,443.17,2/1/2019,2/28/2019,5252
上海得斯威国际货运有限公司天津分公司,TJMT00043,NSE228680,ELECTRICITY_CHG,778.37,1.1544,55721.3,57238.7,1517.4,1751.69,2/1/2019,2/28/2019,5252
上海得斯威国际货运有限公司天津分公司,TJMT00043,NSE228750,ELECTRICITY_CHG,778.37,1.1544,43583.5,44583,999.5,1153.82,2/1/2019,2/28/2019,5252
北京环球艺盟国际教育咨询有限公司,TJMT00045,NSE228745,ELECTRICITY_CHG,252.09,1.1544,30032.7,30794,761.3,878.84,2/1/2019,2/28/2019,5252
天津拓和科技有限公司,TJMT00050,NSE228721,ELECTRICITY_CHG,403.68,1.1544,45836.5,46669.2,832.7,961.27,2/1/2019,2/28/2019,5252
万海航运（香港）股份有限公司天津代表处,TJMT00047,NSE228513,ELECTRICITY_CHG,144.81,1.1544,22711.5,23308.3,596.8,688.95,2/1/2019,2/28/2019,5252
上海联骏国际船舶代理有限公司天津分公司,TJMT00048,NSE228706,ELECTRICITY_CHG,96.89,1.1544,23808,24415.7,607.7,701.53,2/1/2019,2/28/2019,5252
北京华钜金桥联合商务咨询有限公司,TJMT00044,NSE228451,ELECTRICITY_CHG,532.74,1.1544,0,0,0,0,2/1/2019,2/28/2019,5252
北京华钜金桥联合商务咨询有限公司,TJMT00044,NSE228684,ELECTRICITY_CHG,532.74,1.1544,32723,33892.8,1169.8,1350.42,2/1/2019,2/28/2019,5252
辉瑞投资有限公司,TJMT00028,NSE228595,ELECTRICITY_CHG,1086.36,1.1544,12934.7,13172,237.3,273.94,2/1/2019,2/28/2019,5252
辉瑞投资有限公司,TJMT00028,NSE228545,ELECTRICITY_CHG,1086.36,1.1544,18350,18738.3,388.3,448.25,2/1/2019,2/28/2019,5252
辉瑞投资有限公司,TJMT00028,NSE228748,ELECTRICITY_CHG,1086.36,1.1544,33622,34390.7,768.7,887.39,2/1/2019,2/28/2019,5252
辉瑞投资有限公司,TJMT00028,NSE228749,ELECTRICITY_CHG,1086.36,1.1544,22485.8,22980.1,494.3,570.62,2/1/2019,2/28/2019,5252
花旗银行（中国）有限公司天津分公司,TJMT00038,NSE228495,ELECTRICITY_CHG,1467.21,1.1544,57086.9,59284.7,2197.8,2537.14,2/1/2019,2/28/2019,5252
花旗银行（中国）有限公司天津分公司,TJMT00038,NSE228453,ELECTRICITY_CHG,1467.21,1.1544,24634.7,24853.7,219,252.81,2/1/2019,2/28/2019,5252
花旗银行（中国）有限公司天津分公司,TJMT00038,NSE228681,ELECTRICITY_CHG,1467.21,1.1544,6934.41,6934.41,0,0,2/1/2019,2/28/2019,5252
花旗银行（中国）有限公司天津分公司,TJMT00038,NSE228682,ELECTRICITY_CHG,1467.21,1.1544,43820.4,45448.1,1627.7,1879.02,2/1/2019,2/28/2019,5252
花旗银行（中国）有限公司天津分公司,TJMT00038,NSE228683,ELECTRICITY_CHG,1467.21,1.1544,102140,104966,2826,3262.33,2/1/2019,2/28/2019,5252
上海德勤税务师事务所有限公司天津分所,TJMT00091,NSE228787,ELECTRICITY_CHG,1047.96,1.1544,8442.06,8761.05,318.99,368.24,2/1/2019,2/28/2019,5252
德勤华永会计师事务所（特殊普通合伙）天津分所,TJMT00095,NSE228788,ELECTRICITY_CHG,1176.08,1.1544,18074.1,18670.64,596.54,688.65,2/1/2019,2/28/2019,5252
德勤华永会计师事务所（特殊普通合伙）天津分所,TJMT00095,NSE228620,ELECTRICITY_CHG,1176.08,1.1544,63330,65031.58,1701.58,1964.3,2/1/2019,2/28/2019,5252
德勤华永会计师事务所（特殊普通合伙）天津分所,TJMT00095,NSE228808,ELECTRICITY_CHG,1176.08,1.1544,37675.9,39091.01,1415.11,1633.6,2/1/2019,2/28/2019,5252
上海德勤税务师事务所有限公司天津分所,TJMT00091,NSE228785,ELECTRICITY_CHG,1047.96,1.1544,75784.2,78133.53,2349.33,2712.07,2/1/2019,2/28/2019,5252
上海德勤税务师事务所有限公司天津分所,TJMT00091,NSE228792,ELECTRICITY_CHG,1047.96,1.1544,18598.1,19268.1,670,773.45,2/1/2019,2/28/2019,5252
德勤企业咨询（上海）有限公司天津分公司,TJMT00056,NSE228622,ELECTRICITY_CHG,218.72,1.1544,16189.6,16646.18,456.58,527.08,2/1/2019,2/28/2019,5252
上海基曼贸易有限公司 ,TJMT00054,NSE228604,ELECTRICITY_CHG,147.19,1.1544,6128.72,6282.11,153.39,177.07,2/1/2019,2/28/2019,5252
浙江新通留学有限公司天津分公司,TJMT00053,NSE228637,ELECTRICITY_CHG,2442.76,1.1544,22661.6,23994.9,1333.3,1539.16,2/1/2019,2/28/2019,5252
浙江新通留学有限公司天津分公司,TJMT00053,NSE228627,ELECTRICITY_CHG,2442.76,1.1544,8941.93,9284.67,342.74,395.66,2/1/2019,2/28/2019,5252
浙江新通留学有限公司天津分公司,TJMT00053,NSE228457,ELECTRICITY_CHG,2442.76,1.1544,52353.6,54738.1,2384.5,2752.67,2/1/2019,2/28/2019,5252
浙江新通留学有限公司天津分公司,TJMT00053,NSE228456,ELECTRICITY_CHG,2442.76,1.1544,506.58,518.33,11.75,13.56,2/1/2019,2/28/2019,5252
浙江新通留学有限公司天津分公司,TJMT00053,NSE228626,ELECTRICITY_CHG,2442.76,1.1544,34520.8,35726.1,1205.3,1391.4,2/1/2019,2/28/2019,5252
浙江新通留学有限公司天津分公司,TJMT00053,NSE228629,ELECTRICITY_CHG,2442.76,1.1544,45090.3,46596.1,1505.8,1738.3,2/1/2019,2/28/2019,5252
浙江新通留学有限公司天津分公司,TJMT00053,NSE228625,ELECTRICITY_CHG,2442.76,1.1544,27590.8,28981.4,1390.6,1605.31,2/1/2019,2/28/2019,5252
天津津旅商务信息技术股份有限公司,TJMT00058,NSE228673,ELECTRICITY_CHG,931.41,1.1544,34969,36150.2,1181.2,1363.58,2/1/2019,2/28/2019,5252
天津津旅商务信息技术股份有限公司,TJMT00058,NSE228431,ELECTRICITY_CHG,931.41,1.1544,10900.5,11316.9,416.4,480.69,2/1/2019,2/28/2019,5252
天津津旅商务信息技术股份有限公司,TJMT00058,NSE228663,ELECTRICITY_CHG,931.41,1.1544,63134.7,65328.8,2194.1,2532.87,2/1/2019,2/28/2019,5252
天津团泊湖裕泰置业有限公司,TJMT00114,NSE228424,ELECTRICITY_CHG,302.71,1.1544,1.1,1.1,0,0,2/1/2019,2/28/2019,5252
天津团泊湖裕泰置业有限公司,TJMT00114,NSE228632,ELECTRICITY_CHG,302.71,1.1544,32553.02,33640.79,1087.77,1255.72,2/1/2019,2/28/2019,5252
天津市鑫品汇商贸有限公司,TJMT00062,NSE228676,ELECTRICITY_CHG,397.47,1.1544,19925.1,20762.7,837.6,966.93,2/1/2019,2/28/2019,5252
北京科锐国际人力资源股份有限公司,TJMT00064,NSE228564,ELECTRICITY_CHG,225.55,1.1544,9309.54,9712.97,403.43,465.72,2/1/2019,2/28/2019,5252
恩斯克投资有限公司,TJMT00065,NSE228695,ELECTRICITY_CHG,218.72,1.1544,13207,13756.8,549.8,634.69,2/1/2019,2/28/2019,5252
天津市美通达商务信息咨询有限公司,TJMT00063,NSE228699,ELECTRICITY_CHG,225.55,1.1544,11485.7,11883.5,397.8,459.22,2/1/2019,2/28/2019,5252
天津市圣安米悦心理咨询有限公司,TJMT00071,NSE228529,ELECTRICITY_CHG,150.89,1.1544,15006,15346,340,392.5,2/1/2019,2/28/2019,5252
安永（中国）企业咨询有限公司天津分公司,TJMT00070,NSE228736,ELECTRICITY_CHG,397.75,1.1544,9149.83,9700.46,550.63,635.65,2/1/2019,2/28/2019,5252
安永华明会计师事务所（特殊普通合伙）天津分所,TJMT00069,NSE228735,ELECTRICITY_CHG,1069.46,1.1544,55271,57644.4,2373.4,2739.85,2/1/2019,2/28/2019,5252
安永华明会计师事务所（特殊普通合伙）天津分所,TJMT00069,NSE228498,ELECTRICITY_CHG,1069.46,1.1544,25240,26457.2,1217.2,1405.14,2/1/2019,2/28/2019,5252
安永华明会计师事务所（特殊普通合伙）天津分所,TJMT00069,NSE228497,ELECTRICITY_CHG,1069.46,1.1544,8583.01,8969.53,386.52,446.2,2/1/2019,2/28/2019,5252
安永华明会计师事务所（特殊普通合伙）天津分所,TJMT00069,NSE228640,ELECTRICITY_CHG,1069.46,1.1544,40465.2,41734,1268.8,1464.7,2/1/2019,2/28/2019,5252
长丰记（天津）文化传播发展有限公司,TJMT00076,NSE228675,ELECTRICITY_CHG,374.37,1.1544,42191.5,43047.6,856.1,988.28,2/1/2019,2/28/2019,5252
日东(中国)新材料有限公司,TJMT00078,NSE228737,ELECTRICITY_CHG,535.83,1.1544,16152.9,16994.5,841.6,971.54,2/1/2019,2/28/2019,5252
日东(中国)新材料有限公司,TJMT00078,NSE228494,ELECTRICITY_CHG,535.83,1.1544,29466.2,29983.3,517.1,596.94,2/1/2019,2/28/2019,5252
四川易贷网金融信息服务有限公司,TJMT00077,NSE228628,ELECTRICITY_CHG,781.05,1.1544,30135.9,31769.1,1633.2,1885.37,2/1/2019,2/28/2019,5252
四川易贷网金融信息服务有限公司,TJMT00077,NSE228751,ELECTRICITY_CHG,781.05,1.1544,12415.5,12866.7,451.2,520.87,2/1/2019,2/28/2019,5252
星展银行（中国）有限公司天津分行,TJMT00074,NSE228805,ELECTRICITY_CHG,781.05,1.1544,41262.6,43972.4,2709.8,3128.19,2/1/2019,2/28/2019,5252
星展银行（中国）有限公司天津分行,TJMT00074,NSE228804,ELECTRICITY_CHG,781.05,1.1544,40041.9,41978.6,1936.7,2235.73,2/1/2019,2/28/2019,5252
天津创源昌企业管理咨询服务有限公司,TJMT00079,NSE228496,ELECTRICITY_CHG,151.53,1.1544,11028.2,11043.8,15.6,18.01,2/1/2019,2/28/2019,5252
亦思创艺教育咨询（天津）有限公司,TJMT00080,NSE228642,ELECTRICITY_CHG,392.04,1.1544,2542.9,2669.54,126.64,146.19,2/1/2019,2/28/2019,5252
平安国际融资租赁有限公司,TJMT00082,NSE228720,ELECTRICITY_CHG,163.12,1.1544,10281.6,11102.8,821.2,947.99,2/1/2019,2/28/2019,5252
天津天兴投资发展有限公司,TJMT00083,NSE228779,ELECTRICITY_CHG,1599.83,1.1544,4736.01,5025.12,289.11,333.75,2/1/2019,2/28/2019,5252
天津天兴投资发展有限公司,TJMT00083,NSE228783,ELECTRICITY_CHG,1599.83,1.1544,20009.7,20951.9,942.2,1087.68,2/1/2019,2/28/2019,5252
天津天兴投资发展有限公司,TJMT00083,NSE228770,ELECTRICITY_CHG,1599.83,1.1544,247.5,247.5,0,0,2/1/2019,2/28/2019,5252
天津天兴投资发展有限公司,TJMT00083,NSE228752,ELECTRICITY_CHG,1599.83,1.1544,0,0,0,0,2/1/2019,2/28/2019,5252
天津天兴投资发展有限公司,TJMT00083,NSE228780,ELECTRICITY_CHG,1599.83,1.1544,25299.2,26945.4,1646.2,1900.37,2/1/2019,2/28/2019,5252
天津航丰国际货运代理有限公司,TJMT00081,NSE228530,ELECTRICITY_CHG,144.21,1.1544,6940.52,7509.22,568.7,656.51,2/1/2019,2/28/2019,5252
深圳前海量度科技服务有限公司,TJMT00084,NSE228479,ELECTRICITY_CHG,145.04,1.1544,11967.9,12246.7,278.8,321.85,2/1/2019,2/28/2019,5252
京瓷（中国）商贸有限公司,TJMT00089,NSE228610,ELECTRICITY_CHG,537.08,1.1544,10754.5,11900.7,1146.2,1323.17,2/1/2019,2/28/2019,5252
京瓷（中国）商贸有限公司,TJMT00089,NSE228509,ELECTRICITY_CHG,537.08,1.1544,20016,20016,0,0,2/1/2019,2/28/2019,5252
天津匠人教育信息咨询有限公司,TJMT00088,NSE228531,ELECTRICITY_CHG,144.44,1.1544,13730,13730.47,0.47,0.54,2/1/2019,2/3/2019,5252
上海天琥教育培训有限公司,TJMT00087,NSE228482,ELECTRICITY_CHG,694.32,1.1544,0,0,0,0,2/1/2019,2/28/2019,5252
上海天琥教育培训有限公司,TJMT00087,NSE228481,ELECTRICITY_CHG,694.32,1.1544,4105.52,4360.59,255.07,294.45,2/1/2019,2/28/2019,5252
上海天琥教育培训有限公司,TJMT00087,NSE228644,ELECTRICITY_CHG,694.32,1.1544,24645.1,24790.8,145.7,168.2,2/1/2019,2/28/2019,5252
财政司司长法团（The Financial Secretary Incorporated）,TJMT00090 ,NSE228458,ELECTRICITY_CHG,218.72,1.1544,13071.9,14154.9,1083,1250.22,2/1/2019,2/28/2019,5252
宇卓（天津）能源装备技术股份有限公司,TJMT00096,NSE228658,ELECTRICITY_CHG,145.2,1.1544,43336.5,43556.3,219.8,253.74,2/1/2019,2/28/2019,5252
中银三星人寿保险有限公司天津分公司,TJMT00086,NSE228656,ELECTRICITY_CHG,2397.36,1.1544,14752.9,15118,365.1,421.47,2/1/2019,2/28/2019,5252
中银三星人寿保险有限公司天津分公司,TJMT00086,NSE228615,ELECTRICITY_CHG,2397.36,1.1544,4944.74,5406.63,461.89,533.21,2/1/2019,2/28/2019,5252
中银三星人寿保险有限公司天津分公司,TJMT00086,NSE228462,ELECTRICITY_CHG,2397.36,1.1544,0,0,0,0,2/1/2019,2/28/2019,5252
中银三星人寿保险有限公司天津分公司,TJMT00086,NSE228447,ELECTRICITY_CHG,2397.36,1.1544,16322,16813.8,491.8,567.73,2/1/2019,2/28/2019,5252
中银三星人寿保险有限公司天津分公司,TJMT00086,NSE228630,ELECTRICITY_CHG,2397.36,1.1544,4682.54,5207.44,524.9,605.94,2/1/2019,2/28/2019,5252
中银三星人寿保险有限公司天津分公司,TJMT00086,NSE228655,ELECTRICITY_CHG,2397.36,1.1544,5057.13,5548.24,491.11,566.94,2/1/2019,2/28/2019,5252
中银三星人寿保险有限公司天津分公司,TJMT00086,NSE228470,ELECTRICITY_CHG,2397.36,1.1544,10413.3,10604.8,191.5,221.07,2/1/2019,2/28/2019,5252
中银三星人寿保险有限公司天津分公司,TJMT00086,NSE228446,ELECTRICITY_CHG,2397.36,1.1544,6227.58,6954.56,726.98,839.23,2/1/2019,2/28/2019,5252
天津爱迪公学教育信息咨询有限公司,TJMT00097,NSE228643,ELECTRICITY_CHG,374.69,1.1544,21506,22160.6,654.6,755.67,2/1/2019,2/28/2019,5252
戴德梁行房地产顾问（天津）有限公司,TJMT00099,NSE228641,ELECTRICITY_CHG,120.45,1.1544,32903.7,34679.6,1775.9,2050.1,2/1/2019,2/28/2019,5252
深圳前海世德资本管理有限公司,TJMT00103,NSE228661,ELECTRICITY_CHG,390.85,1.1544,22989.8,24343.4,1353.6,1562.6,2/1/2019,2/28/2019,5252
广州华艺国际拍卖有限公司,TJMT00104,NSE228592,ELECTRICITY_CHG,147.42,1.1544,666.9,757.27,90.37,104.32,2/1/2019,2/28/2019,5252
阳光城（天津）企业管理有限公司,TJMT00106,NSE228781,ELECTRICITY_CHG,842.93,1.1544,7244.2,8105.53,861.33,994.32,2/1/2019,2/28/2019,5252
阳光城（天津）企业管理有限公司,TJMT00106,NSE228814,ELECTRICITY_CHG,842.93,1.1544,18.5,18.5,0,0,2/1/2019,2/28/2019,5252
明亚保险经纪股份有限公司,TJMT00107,NSE228638,ELECTRICITY_CHG,429.02,1.1544,5195.01,5978.99,783.98,905.03,2/1/2019,2/28/2019,5252
天津悦享源生商贸有限公司,TJMT00108,NSE228432,ELECTRICITY_CHG,145.63,1.1544,857.97,907.36,49.39,57.02,2/1/2019,2/28/2019,5252
太平人寿保险有限公司天津分公司,TJMT00098,NSE228786,ELECTRICITY_CHG,4885.52,1.1544,1194.06,1376.22,182.16,210.29,2/1/2019,2/28/2019,5252
太平人寿保险有限公司天津分公司,TJMT00098,NSE228784,ELECTRICITY_CHG,4885.52,1.1544,4708.83,5698.04,989.21,1141.94,2/1/2019,2/28/2019,5252
太平人寿保险有限公司天津分公司,TJMT00098,NSE228816,ELECTRICITY_CHG,4885.52,1.1544,1266.66,1800.77,534.11,616.58,2/1/2019,2/28/2019,5252
太平人寿保险有限公司天津分公司,TJMT00098,NSE228621,ELECTRICITY_CHG,4885.52,1.1544,1357.92,1804.48,446.56,515.51,2/1/2019,2/28/2019,5252
太平人寿保险有限公司天津分公司,TJMT00098,NSE228754,ELECTRICITY_CHG,4885.52,1.1544,3982.75,4684.09,701.34,809.63,2/1/2019,2/28/2019,5252
太平人寿保险有限公司天津分公司,TJMT00098,NSE228793,ELECTRICITY_CHG,4885.52,1.1544,1921.86,2229.83,307.97,355.52,2/1/2019,2/28/2019,5252
太平人寿保险有限公司天津分公司,TJMT00098,NSE228791,ELECTRICITY_CHG,4885.52,1.1544,2982.62,3539.12,556.5,642.42,2/1/2019,2/28/2019,5252
太平人寿保险有限公司天津分公司,TJMT00098,NSE228823,ELECTRICITY_CHG,4885.52,1.1544,3778.52,4490.03,711.51,821.37,2/1/2019,2/28/2019,5252
太平人寿保险有限公司天津分公司,TJMT00098,NSE228820,ELECTRICITY_CHG,4885.52,1.1544,3952.22,4583.75,631.53,729.04,2/1/2019,2/28/2019,5252
太平人寿保险有限公司天津分公司,TJMT00098,NSE228819,ELECTRICITY_CHG,4885.52,1.1544,3889.22,4613.55,724.33,836.17,2/1/2019,2/28/2019,5252
太平人寿保险有限公司天津分公司,TJMT00098,NSE228774,ELECTRICITY_CHG,4885.52,1.1544,720.02,856.19,136.17,157.19,2/1/2019,2/28/2019,5252
太平人寿保险有限公司天津分公司,TJMT00098,NSE228698,ELECTRICITY_CHG,4885.52,1.1544,688.23,857.84,169.61,195.8,2/1/2019,2/28/2019,5252
太平人寿保险有限公司天津分公司,TJMT00098,NSE228822,ELECTRICITY_CHG,4885.52,1.1544,3368.77,3956.4,587.63,678.36,2/1/2019,2/28/2019,5252
太平人寿保险有限公司天津分公司,TJMT00098,NSE228806,ELECTRICITY_CHG,4885.52,1.1544,2438.15,2768.54,330.39,381.4,2/1/2019,2/28/2019,5252
启晟（天津）宠物医院管理有限公司,TJMT00109,NSE228599,ELECTRICITY_CHG,144.44,1.1544,14287.2,14554.9,267.7,309.03,2/1/2019,2/28/2019,5252
深圳前海元亨基金管理有限公司,TJMT00105,NSE228634,ELECTRICITY_CHG,592.79,1.1544,7508.21,8443.34,935.13,1079.51,2/1/2019,2/28/2019,5252
深圳前海元亨基金管理有限公司,TJMT00105,NSE228426,ELECTRICITY_CHG,592.79,1.1544,5319,5319,0,0,2/1/2019,2/28/2019,5252
北京环球艺盟国际教育咨询股份有限公司,TJMT00113,NSE228603,ELECTRICITY_CHG,210.21,1.1544,9663.18,10155.8,492.62,568.68,2/1/2019,2/28/2019,5252
默沙东（中国）投资有限公司,TJMT00110,NSE228714,ELECTRICITY_CHG,741.44,1.1544,26151.25,27068.9,917.65,1059.34,2/1/2019,2/28/2019,5252
默沙东（中国）投资有限公司,TJMT00110,NSE228670,ELECTRICITY_CHG,741.44,1.1544,15125.48,16686.3,1560.82,1801.81,2/1/2019,2/28/2019,5252
安盛卓越（香港）财富管理有限公司,TJMT00111,NSE228679,ELECTRICITY_CHG,314.81,1.1544,346.63,1639.5,1292.87,1492.49,2/1/2019,2/28/2019,5252
海恩斯莫里斯（上海）商业有限公司,TJMT00117,NSE228532,ELECTRICITY_CHG,127.1,1.1544,679.28,1064.45,385.17,444.64,2/1/2019,2/28/2019,5252
渤海产业投资基金管理有限公司,TJMT00118,NSE228659,ELECTRICITY_CHG,445.82,1.1544,694.85,1402.29,707.44,816.67,2/1/2019,2/28/2019,5252
天津拓视海外商务信息咨询有限公司,TJMT00116,NSE228480,ELECTRICITY_CHG,144.81,1.1544,32694.71,33111.8,417.09,481.49,2/1/2019,2/28/2019,5252
